{
    "inference_attack_susceptibility": {
        "mamba": {
            "mean_gap": -0.011771794800000013,
            "std_gap": 0.018004072822752907
        },
        "cnn": {
            "mean_gap": -0.011771794800000013,
            "std_gap": 0.018004072822752907
        }
    },
    "plots_generated": [
        "model_comparisons.png",
        "inference_attack_susceptibility.png"
    ],
    "timestamp": "2024-12-24 13:23:05.932233"
}