{
    "train_accuracies": [
        67.46799999999999,
        72.86,
        73.002,
        75.786,
        76.96600000000001,
        74.512,
        75.84,
        78.11399999999999,
        54.406,
        77.17,
        78.122,
        80.334,
        76.16199999999999,
        75.09,
        68.26
    ],
    "test_accuracies": [
        65.74,
        69.44,
        69.39999999999999,
        71.39,
        72.08,
        69.8,
        70.56,
        72.36,
        52.17,
        70.48,
        71.48,
        72.57000000000001,
        69.71000000000001,
        68.44,
        63.449999999999996
    ],
    "train_losses": [
        0.9367431027200216,
        0.7902009272209519,
        0.78445124264111,
        0.7031011253290469,
        0.6691623131561157,
        0.7309792933942717,
        0.6874212720586211,
        0.6264829421820848,
        1.4237316907824153,
        0.6340737008225278,
        0.6274983073820544,
        0.5677916954850297,
        0.6717140031668841,
        0.6922502865648026,
        0.9360633219980523
    ],
    "test_losses": [
        0.9826723872476323,
        0.8789990145689363,
        0.8855232193971135,
        0.8248728794656741,
        0.8100612205304917,
        0.877743111294546,
        0.8516067965015485,
        0.7970666809446493,
        1.637355857593998,
        0.8714328848632278,
        0.8335681643076004,
        0.7996969969029639,
        0.8881082758782016,
        0.9253842707272548,
        1.1551987726217623
    ],
    "train_confidences": [
        0.6172182559967041,
        0.6761519312858582,
        0.6882925629615784,
        0.716577410697937,
        0.72146075963974,
        0.7184184193611145,
        0.7343244552612305,
        0.746370255947113,
        0.7588245868682861,
        0.7817437648773193,
        0.7593153119087219,
        0.7664464116096497,
        0.7593713998794556,
        0.7715892791748047,
        0.7743204832077026
    ],
    "test_confidences": [
        0.6150191426277161,
        0.6706133484840393,
        0.6839595437049866,
        0.7111908793449402,
        0.7122173309326172,
        0.7127497792243958,
        0.7280722856521606,
        0.7387921810150146,
        0.755060076713562,
        0.7743234038352966,
        0.7506569027900696,
        0.7564725875854492,
        0.7526634931564331,
        0.7611793279647827,
        0.7689390778541565
    ],
    "epochs": [
        100,
        200,
        300,
        400,
        500,
        600,
        700,
        800,
        900,
        1000,
        1100,
        1200,
        1300,
        1400,
        1500
    ],
    "train_confidence_distributions_stats": [
        {
            "mean": 0.6172182559967041,
            "std": 0.21128538250923157,
            "min": 0.14097769558429718,
            "max": 0.9991980195045471,
            "median": 0.6029536724090576,
            "q1": 0.4430983439087868,
            "q3": 0.8010245859622955
        },
        {
            "mean": 0.6761519312858582,
            "std": 0.21431581676006317,
            "min": 0.14998263120651245,
            "max": 0.9998249411582947,
            "median": 0.6816172003746033,
            "q1": 0.49487878382205963,
            "q3": 0.8755177855491638
        },
        {
            "mean": 0.6882925629615784,
            "std": 0.21584784984588623,
            "min": 0.14884667098522186,
            "max": 0.9999785423278809,
            "median": 0.699434757232666,
            "q1": 0.5060541927814484,
            "q3": 0.8905695527791977
        },
        {
            "mean": 0.716577410697937,
            "std": 0.2122359573841095,
            "min": 0.17187467217445374,
            "max": 0.9999774694442749,
            "median": 0.7430077791213989,
            "q1": 0.5374126583337784,
            "q3": 0.9158473014831543
        },
        {
            "mean": 0.72146075963974,
            "std": 0.21212811768054962,
            "min": 0.13670474290847778,
            "max": 0.9999943971633911,
            "median": 0.7519323825836182,
            "q1": 0.5432536900043488,
            "q3": 0.921029582619667
        },
        {
            "mean": 0.7184184193611145,
            "std": 0.2129172682762146,
            "min": 0.14343884587287903,
            "max": 0.9999963045120239,
            "median": 0.7456327676773071,
            "q1": 0.5379309356212616,
            "q3": 0.9191448092460632
        },
        {
            "mean": 0.7343244552612305,
            "std": 0.21091525256633759,
            "min": 0.17688719928264618,
            "max": 0.9999958276748657,
            "median": 0.7714165449142456,
            "q1": 0.5588626861572266,
            "q3": 0.9317265897989273
        },
        {
            "mean": 0.746370255947113,
            "std": 0.21338380873203278,
            "min": 0.16248025000095367,
            "max": 0.9999983310699463,
            "median": 0.7945264577865601,
            "q1": 0.5661913454532623,
            "q3": 0.9474217742681503
        },
        {
            "mean": 0.7588245868682861,
            "std": 0.2015525996685028,
            "min": 0.19278983771800995,
            "max": 0.9999958276748657,
            "median": 0.798096239566803,
            "q1": 0.589228630065918,
            "q3": 0.9512959569692612
        },
        {
            "mean": 0.7817437648773193,
            "std": 0.2069598138332367,
            "min": 0.15710610151290894,
            "max": 0.9999990463256836,
            "median": 0.849136471748352,
            "q1": 0.6175475418567657,
            "q3": 0.9703696221113205
        },
        {
            "mean": 0.7593153119087219,
            "std": 0.20684324204921722,
            "min": 0.1915278434753418,
            "max": 0.9999953508377075,
            "median": 0.8101509809494019,
            "q1": 0.5884355455636978,
            "q3": 0.9517639875411987
        },
        {
            "mean": 0.7664464116096497,
            "std": 0.20450499653816223,
            "min": 0.17490489780902863,
            "max": 0.9999990463256836,
            "median": 0.8225029706954956,
            "q1": 0.6012004464864731,
            "q3": 0.9535713940858841
        },
        {
            "mean": 0.7593713998794556,
            "std": 0.20960013568401337,
            "min": 0.17472746968269348,
            "max": 0.9999988079071045,
            "median": 0.811091423034668,
            "q1": 0.5867038071155548,
            "q3": 0.9561818689107895
        },
        {
            "mean": 0.7715892791748047,
            "std": 0.20234285295009613,
            "min": 0.19922615587711334,
            "max": 0.9999996423721313,
            "median": 0.826938807964325,
            "q1": 0.6070979535579681,
            "q3": 0.9583306312561035
        },
        {
            "mean": 0.7743204832077026,
            "std": 0.2031015008687973,
            "min": 0.19472554326057434,
            "max": 0.9999997615814209,
            "median": 0.8297902345657349,
            "q1": 0.6076087355613708,
            "q3": 0.9634558707475662
        }
    ],
    "test_confidence_distributions_stats": [
        {
            "mean": 0.6150191426277161,
            "std": 0.21134920418262482,
            "min": 0.15494327247142792,
            "max": 0.998612642288208,
            "median": 0.59663987159729,
            "q1": 0.44089475274086,
            "q3": 0.7998714298009872
        },
        {
            "mean": 0.6706133484840393,
            "std": 0.21492503583431244,
            "min": 0.17503979802131653,
            "max": 0.9997474551200867,
            "median": 0.6729238033294678,
            "q1": 0.48968498408794403,
            "q3": 0.8699795603752136
        },
        {
            "mean": 0.6839595437049866,
            "std": 0.217154860496521,
            "min": 0.16829191148281097,
            "max": 0.9999138116836548,
            "median": 0.6953672766685486,