{
    "train_accuracies": [
        63.99,
        70.80199999999999,
        74.426,
        75.486,
        74.992,
        79.67,
        79.872,
        81.34400000000001,
        82.594,
        81.122,
        82.89,
        81.49,
        82.486,
        84.37400000000001,
        81.97
    ],
    "test_accuracies": [
        62.03999999999999,
        66.86,
        69.19999999999999,
        68.75,
        67.86999999999999,
        70.6,
        70.25,
        70.97,
        71.84,
        70.02000000000001,
        70.36,
        68.92,
        69.37,
        70.13000000000001,
        68.08
    ],
    "train_losses": [
        1.0334041461615306,
        0.8494576505382957,
        0.7595367969759285,
        0.7198688953047823,
        0.7195017209748173,
        0.6024811805209236,
        0.5857605368966032,
        0.5472546162660165,
        0.5163256691773529,
        0.5408000152205568,
        0.49500346294296976,
        0.5193563552997301,
        0.49641382719016136,
        0.45526613537079236,
        0.49373770739568773
    ],
    "test_losses": [
        1.085117270612413,
        0.9408911758927023,
        0.886277465303992,
        0.8956332631931183,
        0.9319462578767425,
        0.8437419905784024,
        0.8658590772349364,
        0.8504437158821495,
        0.8456993558604247,
        0.9015859965306179,
        0.8833084812589512,
        0.9326139058277105,
        0.937462783922815,
        0.9154613522966956,
        0.9748508026645442
    ],
    "train_confidences": [
        0.5797460079193115,
        0.6327404379844666,
        0.6598712205886841,
        0.6932040452957153,
        0.7079562544822693,
        0.7318618893623352,
        0.747793972492218,
        0.761437714099884,
        0.7716253995895386,
        0.7754284143447876,
        0.7852737307548523,
        0.7824764251708984,
        0.7844203114509583,
        0.7912275195121765,
        0.7951220273971558
    ],
    "test_confidences": [
        0.5765856504440308,
        0.6239457726478577,
        0.6497952342033386,
        0.6796860098838806,
        0.6987114548683167,
        0.71881502866745,
        0.7303298115730286,
        0.7458392381668091,
        0.7541054487228394,
        0.7610637545585632,
        0.7694411873817444,
        0.7667219042778015,
        0.7688083052635193,
        0.7736958265304565,
        0.7776381373405457
    ],
    "epochs": [
        100,
        200,
        300,
        400,
        500,
        600,
        700,
        800,
        900,
        1000,
        1100,
        1200,
        1300,
        1400,
        1500
    ],
    "train_confidence_distributions_stats": [
        {
            "mean": 0.5797460079193115,
            "std": 0.20352821052074432,
            "min": 0.15955671668052673,
            "max": 0.999301552772522,
            "median": 0.5518876314163208,
            "q1": 0.4142305254936218,
            "q3": 0.741823822259903
        },
        {
            "mean": 0.6327404379844666,
            "std": 0.21162326633930206,
            "min": 0.1599811613559723,
            "max": 0.999721348285675,
            "median": 0.6179555654525757,
            "q1": 0.45748989284038544,
            "q3": 0.8197021931409836
        },
        {
            "mean": 0.6598712205886841,
            "std": 0.21388772130012512,
            "min": 0.14001712203025818,
            "max": 0.999956488609314,
            "median": 0.6560689210891724,
            "q1": 0.47882702201604843,
            "q3": 0.8554721474647522
        },
        {
            "mean": 0.6932040452957153,
            "std": 0.2105216532945633,
            "min": 0.166608065366745,
            "max": 0.9999890327453613,
            "median": 0.7049427628517151,
            "q1": 0.5157008767127991,
            "q3": 0.8885546624660492
        },
        {
            "mean": 0.7079562544822693,
            "std": 0.21522419154644012,
            "min": 0.16558535397052765,
            "max": 0.9999997615814209,
            "median": 0.7278990745544434,
            "q1": 0.5248815417289734,
            "q3": 0.9125600755214691
        },
        {
            "mean": 0.7318618893623352,
            "std": 0.21066118776798248,
            "min": 0.18271900713443756,
            "max": 0.9999986886978149,
            "median": 0.76381516456604,
            "q1": 0.5550225973129272,
            "q3": 0.9305681139230728
        },
        {
            "mean": 0.747793972492218,
            "std": 0.21245533227920532,
            "min": 0.17162743210792542,
            "max": 0.9999998807907104,
            "median": 0.7966344356536865,
            "q1": 0.5695804357528687,
            "q3": 0.9459512531757355
        },
        {
            "mean": 0.761437714099884,
            "std": 0.20907819271087646,
            "min": 0.1731775403022766,
            "max": 0.9999998807907104,
            "median": 0.8135570287704468,
            "q1": 0.5905376672744751,
            "q3": 0.9562514573335648
        },
        {
            "mean": 0.7716253995895386,
            "std": 0.20877067744731903,
            "min": 0.15193329751491547,
            "max": 1.0,
            "median": 0.8324899077415466,
            "q1": 0.6040100753307343,
            "q3": 0.9630139917135239
        },
        {
            "mean": 0.7754284143447876,
            "std": 0.2070731818675995,
            "min": 0.1702166050672531,
            "max": 1.0,
            "median": 0.838534951210022,
            "q1": 0.6072562783956528,
            "q3": 0.9658104926347733
        },
        {
            "mean": 0.7852737307548523,
            "std": 0.20427490770816803,
            "min": 0.17768533527851105,
            "max": 1.0,
            "median": 0.8500094413757324,
            "q1": 0.6259858757257462,
            "q3": 0.9713185876607895
        },
        {
            "mean": 0.7824764251708984,
            "std": 0.20491056144237518,
            "min": 0.18296433985233307,
            "max": 1.0,
            "median": 0.8476421236991882,
            "q1": 0.6194971054792404,
            "q3": 0.9698175340890884
        },
        {
            "mean": 0.7844203114509583,
            "std": 0.2027004212141037,
            "min": 0.16991449892520905,
            "max": 1.0,
            "median": 0.8476686477661133,
            "q1": 0.6234608441591263,
            "q3": 0.9701711237430573
        },
        {
            "mean": 0.7912275195121765,
            "std": 0.2007145881652832,
            "min": 0.1589711755514145,
            "max": 1.0,
            "median": 0.8611252903938293,
            "q1": 0.6347370743751526,
            "q3": 0.971266359090805
        },
        {
            "mean": 0.7951220273971558,
            "std": 0.19656245410442352,
            "min": 0.19769032299518585,
            "max": 1.0,
            "median": 0.8602516651153564,
            "q1": 0.6412046402692795,
            "q3": 0.973007932305336
        }
    ],
    "test_confidence_distributions_stats": [
        {
            "mean": 0.5765856504440308,
            "std": 0.20357173681259155,
            "min": 0.15839225053787231,
            "max": 0.9995625615119934,
            "median": 0.55152428150177,
            "q1": 0.410746231675148,
            "q3": 0.7339292615652084
        },
        {
            "mean": 0.6239457726478577,
            "std": 0.21136806905269623,
            "min": 0.18279284238815308,
            "max": 0.9997734427452087,
            "median": 0.6065338850021362,
            "q1": 0.449070043861866,
            "q3": 0.8076581656932831
        },
        {
            "mean": 0.6497952342033386,
            "std": 0.21317477524280548,
            "min": 0.1701926290988922,
            "max": 0.9999229907989502,
            "median": 0.6359431743621826,
            "q1": 0.47128021717071533,